frameTime,leftGaze origin x,leftGaze origin y,leftGaze origin z,leftGaze direction x,leftGaze direction y,leftGaze direction z,rightGaze origin x,rightGaze origin y,rightGaze origin z,rightGaze direction x,rightGaze direction y,rightGaze direction z
"44.91054","230.037","-183.526","274.054","-0.918","0.051","-0.393","230.037","-183.526","274.054","-0.918","0.051","-0.393"
"44.92284","230.037","-183.526","274.054","-0.918","0.051","-0.393","230.037","-183.526","274.054","-0.918","0.051","-0.393"
"44.92924","230.037","-183.526","274.054","-0.918","0.051","-0.393","230.037","-183.526","274.054","-0.918","0.051","-0.393"
"44.93325","230.037","-183.526","274.054","-0.918","0.051","-0.393","230.037","-183.526","274.054","-0.918","0.051","-0.393"
"44.9372","230.037","-183.526","274.054","-0.918","0.051","-0.393","230.037","-183.526","274.054","-0.918","0.051","-0.393"
"44.94123","230.037","-183.526","274.054","-0.918","0.051","-0.393","230.037","-183.526","274.054","-0.918","0.051","-0.393"
"44.94559","230.037","-183.526","274.054","-0.918","0.051","-0.393","230.037","-183.526","274.054","-0.918","0.051","-0.393"
"44.9492","230.037","-183.526","274.054","-0.918","0.051","-0.393","230.037","-183.526","274.054","-0.918","0.051","-0.393"
"44.95327","230.037","-183.526","274.054","-0.918","0.051","-0.393","230.037","-183.526","274.054","-0.918","0.051","-0.393"
"44.95717","230.037","-183.526","274.054","-0.918","0.051","-0.393","230.037","-183.526","274.054","-0.918","0.051","-0.393"
"44.96127","230.037","-183.526","274.054","-0.918","0.051","-0.393","230.037","-183.526","274.054","-0.918","0.051","-0.393"
"44.96533","230.037","-183.526","274.054","-0.918","0.051","-0.393","230.037","-183.526","274.054","-0.918","0.051","-0.393"
"44.96913","230.037","-183.526","274.054","-0.918","0.051","-0.393","230.037","-183.526","274.054","-0.918","0.051","-0.393"
"44.97327","230.037","-183.526","274.054","-0.918","0.051","-0.393","230.037","-183.526","274.054","-0.918","0.051","-0.393"
"44.97721","230.037","-183.526","274.054","-0.918","0.051","-0.393","230.037","-183.526","274.054","-0.918","0.051","-0.393"
"44.98124","230.037","-183.526","274.054","-0.918","0.051","-0.393","230.037","-183.526","274.054","-0.918","0.051","-0.393"
"44.98532","230.037","-183.526","274.054","-0.918","0.051","-0.393","230.037","-183.526","274.054","-0.918","0.051","-0.393"
"44.98909","230.037","-183.526","274.054","-0.918","0.051","-0.393","230.037","-183.526","274.054","-0.918","0.051","-0.393"
"44.99322","230.037","-183.526","274.054","-0.918","0.051","-0.393","230.037","-183.526","274.054","-0.918","0.051","-0.393"
"44.9972","230.037","-183.526","274.054","-0.918","0.051","-0.393","230.037","-183.526","274.054","-0.918","0.051","-0.393"
"45.00126","230.037","-183.526","274.054","-0.918","0.051","-0.393","230.037","-183.526","274.054","-0.918","0.051","-0.393"
"45.00514","230.037","-183.526","274.054","-0.918","0.051","-0.393","230.037","-183.526","274.054","-0.918","0.051","-0.393"
"45.01124","230.037","-183.526","274.054","-0.918","0.051","-0.393","230.037","-183.526","274.054","-0.918","0.051","-0.393"
"45.01757","230.037","-183.526","274.054","-0.918","0.051","-0.393","230.037","-183.526","274.054","-0.918","0.051","-0.393"
"45.02121","230.037","-183.526","274.054","-0.918","0.051","-0.393","230.037","-183.526","274.054","-0.918","0.051","-0.393"
"45.03048","230.037","-183.526","274.054","-0.918","0.051","-0.393","230.037","-183.526","274.054","-0.918","0.051","-0.393"
"45.03764","230.037","-183.526","274.054","-0.918","0.051","-0.393","230.037","-183.526","274.054","-0.918","0.051","-0.393"
"45.04123","230.037","-183.526","274.054","-0.918","0.051","-0.393","230.037","-183.526","274.054","-0.918","0.051","-0.393"
"45.04548","230.037","-183.526","274.054","-0.918","0.051","-0.393","230.037","-183.526","274.054","-0.918","0.051","-0.393"
"45.04926","230.037","-183.526","274.054","-0.918","0.051","-0.393","230.037","-183.526","274.054","-0.918","0.051","-0.393"
"45.05353","230.037","-183.526","274.054","-0.918","0.051","-0.393","230.037","-183.526","274.054","-0.918","0.051","-0.393"
"45.05717","230.037","-183.526","274.054","-0.918","0.051","-0.393","230.037","-183.526","274.054","-0.918","0.051","-0.393"
"45.06115","230.037","-183.526","274.054","-0.918","0.051","-0.393","230.037","-183.526","274.054","-0.918","0.051","-0.393"
"45.06528","230.037","-183.526","274.054","-0.918","0.051","-0.393","230.037","-183.526","274.054","-0.918","0.051","-0.393"
"45.06933","230.037","-183.526","274.054","-0.918","0.051","-0.393","230.037","-183.526","274.054","-0.918","0.051","-0.393"
"45.07322","230.037","-183.526","274.054","-0.918","0.051","-0.393","230.037","-183.526","274.054","-0.918","0.051","-0.393"
"45.07735","230.037","-183.526","274.054","-0.918","0.051","-0.393","230.037","-183.526","274.054","-0.918","0.051","-0.393"
"45.08114","230.037","-183.526","274.054","-0.918","0.051","-0.393","230.037","-183.526","274.054","-0.918","0.051","-0.393"
"45.08519","230.037","-183.526","274.054","-0.918","0.051","-0.393","230.037","-183.526","274.054","-0.918","0.051","-0.393"
"45.08913","230.037","-183.526","274.054","-0.918","0.051","-0.393","230.037","-183.526","274.054","-0.918","0.051","-0.393"
"45.09319","230.037","-183.526","274.054","-0.918","0.051","-0.393","230.037","-183.526","274.054","-0.918","0.051","-0.393"
"45.09731","230.037","-183.526","274.054","-0.918","0.051","-0.393","230.037","-183.526","274.054","-0.918","0.051","-0.393"
"45.10741","230.037","-183.526","274.054","-0.918","0.051","-0.393","230.037","-183.526","274.054","-0.918","0.051","-0.393"
"45.11322","230.037","-183.526","274.054","-0.918","0.051","-0.393","230.037","-183.526","274.054","-0.918","0.051","-0.393"
"45.11727","230.037","-183.526","274.054","-0.918","0.051","-0.393","230.037","-183.526","274.054","-0.918","0.051","-0.393"
"45.12123","230.037","-183.526","274.054","-0.918","0.051","-0.393","230.037","-183.526","274.054","-0.918","0.051","-0.393"
"45.12569","230.037","-183.526","274.054","-0.918","0.051","-0.393","230.037","-183.526","274.054","-0.918","0.051","-0.393"
"45.12919","230.037","-183.526","274.054","-0.918","0.051","-0.393","230.037","-183.526","274.054","-0.918","0.051","-0.393"
"45.1333","230.037","-183.526","274.054","-0.918","0.051","-0.393","230.037","-183.526","274.054","-0.918","0.051","-0.393"
"45.13703","230.037","-183.526","274.054","-0.918","0.051","-0.393","230.037","-183.526","274.054","-0.918","0.051","-0.393"
"45.14124","230.037","-183.526","274.054","-0.918","0.051","-0.393","230.037","-183.526","274.054","-0.918","0.051","-0.393"
"45.14517","230.037","-183.526","274.054","-0.918","0.051","-0.393","230.037","-183.526","274.054","-0.918","0.051","-0.393"
"45.14949","230.037","-183.526","274.054","-0.918","0.051","-0.393","230.037","-183.526","274.054","-0.918","0.051","-0.393"
"45.15322","230.037","-183.526","274.054","-0.918","0.051","-0.393","230.037","-183.526","274.054","-0.918","0.051","-0.393"
"45.1573","230.037","-183.526","274.054","-0.918","0.051","-0.393","230.037","-183.526","274.054","-0.918","0.051","-0.393"
"45.16121","230.037","-183.526","274.054","-0.918","0.051","-0.393","230.037","-183.526","274.054","-0.918","0.051","-0.393"
"45.16515","230.037","-183.526","274.054","-0.918","0.051","-0.393","230.037","-183.526","274.054","-0.918","0.051","-0.393"
"45.16914","230.037","-183.526","274.054","-0.918","0.051","-0.393","230.037","-183.526","274.054","-0.918","0.051","-0.393"
"45.17333","230.037","-183.526","274.054","-0.918","0.051","-0.393","230.037","-183.526","274.054","-0.918","0.051","-0.393"
"45.1771","230.037","-183.526","274.054","-0.918","0.051","-0.393","230.037","-183.526","274.054","-0.918","0.051","-0.393"
"45.18115","230.037","-183.526","274.054","-0.918","0.051","-0.393","230.037","-183.526","274.054","-0.918","0.051","-0.393"
"45.1852","230.037","-183.526","274.054","-0.918","0.051","-0.393","230.037","-183.526","274.054","-0.918","0.051","-0.393"
"45.19351","230.037","-183.526","274.054","-0.918","0.051","-0.393","230.037","-183.526","274.054","-0.918","0.051","-0.393"
"45.19742","230.037","-183.526","274.054","-0.918","0.051","-0.393","230.037","-183.526","274.054","-0.918","0.051","-0.393"
"45.20123","230.037","-183.526","274.054","-0.918","0.051","-0.393","230.037","-183.526","274.054","-0.918","0.051","-0.393"
"45.20524","230.037","-183.526","274.054","-0.918","0.051","-0.393","230.037","-183.526","274.054","-0.918","0.051","-0.393"
"45.20926","230.037","-183.526","274.054","-0.918","0.051","-0.393","230.037","-183.526","274.054","-0.918","0.051","-0.393"
"45.2132","230.037","-183.526","274.054","-0.918","0.051","-0.393","230.037","-183.526","274.054","-0.918","0.051","-0.393"
"45.21837","230.037","-183.526","274.054","-0.918","0.051","-0.393","230.037","-183.526","274.054","-0.918","0.051","-0.393"
"45.22523","230.037","-183.526","274.054","-0.918","0.051","-0.393","230.037","-183.526","274.054","-0.918","0.051","-0.393"
"45.22914","230.037","-183.526","274.054","-0.918","0.051","-0.393","230.037","-183.526","274.054","-0.918","0.051","-0.393"
"45.23317","230.037","-183.526","274.054","-0.918","0.051","-0.393","230.037","-183.526","274.054","-0.918","0.051","-0.393"
"45.23778","230.037","-183.526","274.054","-0.918","0.051","-0.393","230.037","-183.526","274.054","-0.918","0.051","-0.393"
"45.24532","230.037","-183.526","274.054","-0.918","0.051","-0.393","230.037","-183.526","274.054","-0.918","0.051","-0.393"
"45.25385","230.037","-183.526","274.054","-0.918","0.051","-0.393","230.037","-183.526","274.054","-0.918","0.051","-0.393"
"45.25721","230.037","-183.526","274.054","-0.918","0.051","-0.393","230.037","-183.526","274.054","-0.918","0.051","-0.393"
"45.26564","230.037","-183.526","274.054","-0.918","0.051","-0.393","230.037","-183.526","274.054","-0.918","0.051","-0.393"
"45.27341","230.037","-183.526","274.054","-0.918","0.051","-0.393","230.037","-183.526","274.054","-0.918","0.051","-0.393"
"45.27729","230.037","-183.526","274.054","-0.918","0.051","-0.393","230.037","-183.526","274.054","-0.918","0.051","-0.393"
"45.28123","230.037","-183.526","274.054","-0.918","0.051","-0.393","230.037","-183.526","274.054","-0.918","0.051","-0.393"
"45.28531","230.037","-183.526","274.054","-0.918","0.051","-0.393","230.037","-183.526","274.054","-0.918","0.051","-0.393"
"45.28997","230.037","-183.526","274.054","-0.918","0.051","-0.393","230.037","-183.526","274.054","-0.918","0.051","-0.393"
"45.29319","230.037","-183.526","274.054","-0.918","0.051","-0.393","230.037","-183.526","274.054","-0.918","0.051","-0.393"
"45.29712","230.037","-183.526","274.054","-0.918","0.051","-0.393","230.037","-183.526","274.054","-0.918","0.051","-0.393"
"45.30134","230.037","-183.526","274.054","-0.918","0.051","-0.393","230.037","-183.526","274.054","-0.918","0.051","-0.393"
"45.30516","230.037","-183.526","274.054","-0.918","0.051","-0.393","230.037","-183.526","274.054","-0.918","0.051","-0.393"
"45.30924","230.037","-183.526","274.054","-0.918","0.051","-0.393","230.037","-183.526","274.054","-0.918","0.051","-0.393"
"45.31456","230.037","-183.526","274.054","-0.918","0.051","-0.393","230.037","-183.526","274.054","-0.918","0.051","-0.393"
"45.32145","230.037","-183.526","274.054","-0.918","0.051","-0.393","230.037","-183.526","274.054","-0.918","0.051","-0.393"
"45.32514","230.037","-183.526","274.054","-0.918","0.051","-0.393","230.037","-183.526","274.054","-0.918","0.051","-0.393"
"45.32925","230.037","-183.526","274.054","-0.918","0.051","-0.393","230.037","-183.526","274.054","-0.918","0.051","-0.393"
"45.33379","230.037","-183.526","274.054","-0.918","0.051","-0.393","230.037","-183.526","274.054","-0.918","0.051","-0.393"
"45.33717","230.037","-183.526","274.054","-0.918","0.051","-0.393","230.037","-183.526","274.054","-0.918","0.051","-0.393"
"45.34122","230.037","-183.526","274.054","-0.918","0.051","-0.393","230.037","-183.526","274.054","-0.918","0.051","-0.393"
"45.34527","230.037","-183.526","274.054","-0.918","0.051","-0.393","230.037","-183.526","274.054","-0.918","0.051","-0.393"
"45.34934","230.037","-183.526","274.054","-0.918","0.051","-0.393","230.037","-183.526","274.054","-0.918","0.051","-0.393"
"45.35329","230.037","-183.526","274.054","-0.918","0.051","-0.393","230.037","-183.526","274.054","-0.918","0.051","-0.393"
"45.35732","230.037","-183.526","274.054","-0.918","0.051","-0.393","230.037","-183.526","274.054","-0.918","0.051","-0.393"
"45.36587","230.037","-183.526","274.054","-0.918","0.051","-0.393","230.037","-183.526","274.054","-0.918","0.051","-0.393"
"45.37331","230.037","-183.526","274.054","-0.918","0.051","-0.393","230.037","-183.526","274.054","-0.918","0.051","-0.393"
"45.37738","230.037","-183.526","274.054","-0.918","0.051","-0.393","230.037","-183.526","274.054","-0.918","0.051","-0.393"
"45.38111","230.037","-183.526","274.054","-0.918","0.051","-0.393","230.037","-183.526","274.054","-0.918","0.051","-0.393"
"45.3854","230.037","-183.526","274.054","-0.918","0.051","-0.393","230.037","-183.526","274.054","-0.918","0.051","-0.393"
"45.38914","230.037","-183.526","274.054","-0.918","0.051","-0.393","230.037","-183.526","274.054","-0.918","0.051","-0.393"
"45.39322","230.037","-183.526","274.054","-0.918","0.051","-0.393","230.037","-183.526","274.054","-0.918","0.051","-0.393"
"45.39747","230.037","-183.526","274.054","-0.918","0.051","-0.393","230.037","-183.526","274.054","-0.918","0.051","-0.393"
"45.40565","230.037","-183.526","274.054","-0.918","0.051","-0.393","230.037","-183.526","274.054","-0.918","0.051","-0.393"
"45.40918","230.037","-183.526","274.054","-0.918","0.051","-0.393","230.037","-183.526","274.054","-0.918","0.051","-0.393"
"45.4272","230.037","-183.526","274.054","-0.918","0.051","-0.393","230.037","-183.526","274.054","-0.918","0.051","-0.393"
"45.4334","230.037","-183.526","274.054","-0.918","0.051","-0.393","230.037","-183.526","274.054","-0.918","0.051","-0.393"
"45.44143","230.037","-183.526","274.054","-0.918","0.051","-0.393","230.037","-183.526","274.054","-0.918","0.051","-0.393"
"45.44513","230.037","-183.526","274.054","-0.918","0.051","-0.393","230.037","-183.526","274.054","-0.918","0.051","-0.393"
"45.45408","230.037","-183.526","274.054","-0.918","0.051","-0.393","230.037","-183.526","274.054","-0.918","0.051","-0.393"
"45.45728","230.037","-183.526","274.054","-0.918","0.051","-0.393","230.037","-183.526","274.054","-0.918","0.051","-0.393"
"45.46547","230.037","-183.526","274.054","-0.918","0.051","-0.393","230.037","-183.526","274.054","-0.918","0.051","-0.393"
"45.46929","230.037","-183.526","274.054","-0.918","0.051","-0.393","230.037","-183.526","274.054","-0.918","0.051","-0.393"
"45.47327","230.037","-183.526","274.054","-0.918","0.051","-0.393","230.037","-183.526","274.054","-0.918","0.051","-0.393"
"45.4819","230.037","-183.526","274.054","-0.918","0.051","-0.393","230.037","-183.526","274.054","-0.918","0.051","-0.393"
"45.48526","230.037","-183.526","274.054","-0.918","0.051","-0.393","230.037","-183.526","274.054","-0.918","0.051","-0.393"
"45.48926","230.037","-183.526","274.054","-0.918","0.051","-0.393","230.037","-183.526","274.054","-0.918","0.051","-0.393"
"45.49315","230.037","-183.526","274.054","-0.918","0.051","-0.393","230.037","-183.526","274.054","-0.918","0.051","-0.393"
"45.4972","230.037","-183.526","274.054","-0.918","0.051","-0.393","230.037","-183.526","274.054","-0.918","0.051","-0.393"
"45.50566","230.037","-183.526","274.054","-0.918","0.051","-0.393","230.037","-183.526","274.054","-0.918","0.051","-0.393"
"45.5093","230.037","-183.526","274.054","-0.918","0.051","-0.393","230.037","-183.526","274.054","-0.918","0.051","-0.393"
"45.51768","230.037","-183.526","274.054","-0.918","0.051","-0.393","230.037","-183.526","274.054","-0.918","0.051","-0.393"
"45.52113","230.037","-183.526","274.054","-0.918","0.051","-0.393","230.037","-183.526","274.054","-0.918","0.051","-0.393"
"45.53061","230.037","-183.526","274.054","-0.918","0.051","-0.393","230.037","-183.526","274.054","-0.918","0.051","-0.393"
"45.53307","230.037","-183.526","274.054","-0.918","0.051","-0.393","230.037","-183.526","274.054","-0.918","0.051","-0.393"
"45.53736","230.037","-183.526","274.054","-0.918","0.051","-0.393","230.037","-183.526","274.054","-0.918","0.051","-0.393"
"45.54125","230.037","-183.526","274.054","-0.918","0.051","-0.393","230.037","-183.526","274.054","-0.918","0.051","-0.393"
"45.55016","230.037","-183.526","274.054","-0.918","0.051","-0.393","230.037","-183.526","274.054","-0.918","0.051","-0.393"
"45.55776","230.037","-183.526","274.054","-0.918","0.051","-0.393","230.037","-183.526","274.054","-0.918","0.051","-0.393"
"45.56183","230.037","-183.526","274.054","-0.918","0.051","-0.393","230.037","-183.526","274.054","-0.918","0.051","-0.393"
"45.56955","230.037","-183.526","274.054","-0.918","0.051","-0.393","230.037","-183.526","274.054","-0.918","0.051","-0.393"
"45.57378","230.037","-183.526","274.054","-0.918","0.051","-0.393","230.037","-183.526","274.054","-0.918","0.051","-0.393"
"45.57722","230.037","-183.526","274.054","-0.918","0.051","-0.393","230.037","-183.526","274.054","-0.918","0.051","-0.393"
"45.58117","230.037","-183.526","274.054","-0.918","0.051","-0.393","230.037","-183.526","274.054","-0.918","0.051","-0.393"
"45.58966","230.037","-183.526","274.054","-0.918","0.051","-0.393","230.037","-183.526","274.054","-0.918","0.051","-0.393"
"45.5936","230.037","-183.526","274.054","-0.918","0.051","-0.393","230.037","-183.526","274.054","-0.918","0.051","-0.393"
"45.59729","230.037","-183.526","274.054","-0.918","0.051","-0.393","230.037","-183.526","274.054","-0.918","0.051","-0.393"
"45.60536","230.037","-183.526","274.054","-0.918","0.051","-0.393","230.037","-183.526","274.054","-0.918","0.051","-0.393"
"45.60929","230.037","-183.526","274.054","-0.918","0.051","-0.393","230.037","-183.526","274.054","-0.918","0.051","-0.393"
"45.61514","230.037","-183.526","274.054","-0.918","0.051","-0.393","230.037","-183.526","274.054","-0.918","0.051","-0.393"
"45.6216","230.037","-183.526","274.054","-0.918","0.051","-0.393","230.037","-183.526","274.054","-0.918","0.051","-0.393"
"45.62515","230.037","-183.526","274.054","-0.918","0.051","-0.393","230.037","-183.526","274.054","-0.918","0.051","-0.393"
"45.62917","230.037","-183.526","274.054","-0.918","0.051","-0.393","230.037","-183.526","274.054","-0.918","0.051","-0.393"
"45.63323","230.037","-183.526","274.054","-0.918","0.051","-0.393","230.037","-183.526","274.054","-0.918","0.051","-0.393"
"45.63778","230.037","-183.526","274.054","-0.918","0.051","-0.393","230.037","-183.526","274.054","-0.918","0.051","-0.393"
"45.64595","230.037","-183.526","274.054","-0.918","0.051","-0.393","230.037","-183.526","274.054","-0.918","0.051","-0.393"
"45.65331","230.037","-183.526","274.054","-0.918","0.051","-0.393","230.037","-183.526","274.054","-0.918","0.051","-0.393"
"45.65812","230.037","-183.526","274.054","-0.918","0.051","-0.393","230.037","-183.526","274.054","-0.918","0.051","-0.393"
"45.66573","230.037","-183.526","274.054","-0.918","0.051","-0.393","230.037","-183.526","274.054","-0.918","0.051","-0.393"
"45.66928","230.037","-183.526","274.054","-0.918","0.051","-0.393","230.037","-183.526","274.054","-0.918","0.051","-0.393"
"45.67323","230.037","-183.526","274.054","-0.918","0.051","-0.393","230.037","-183.526","274.054","-0.918","0.051","-0.393"
"45.67711","230.037","-183.526","274.054","-0.918","0.051","-0.393","230.037","-183.526","274.054","-0.918","0.051","-0.393"
"45.68137","230.037","-183.526","274.054","-0.918","0.051","-0.393","230.037","-183.526","274.054","-0.918","0.051","-0.393"
"45.68938","230.037","-183.526","274.054","-0.918","0.051","-0.393","230.037","-183.526","274.054","-0.918","0.051","-0.393"
"45.69342","230.037","-183.526","274.054","-0.918","0.051","-0.393","230.037","-183.526","274.054","-0.918","0.051","-0.393"
"45.70154","230.037","-183.526","274.054","-0.918","0.051","-0.393","230.037","-183.526","274.054","-0.918","0.051","-0.393"
"45.70514","230.037","-183.526","274.054","-0.918","0.051","-0.393","230.037","-183.526","274.054","-0.918","0.051","-0.393"
"45.71352","230.037","-183.526","274.054","-0.918","0.051","-0.393","230.037","-183.526","274.054","-0.918","0.051","-0.393"
"45.71779","230.037","-183.526","274.054","-0.918","0.051","-0.393","230.037","-183.526","274.054","-0.918","0.051","-0.393"
"45.72122","230.037","-183.526","274.054","-0.918","0.051","-0.393","230.037","-183.526","274.054","-0.918","0.051","-0.393"
"45.73087","230.037","-183.526","274.054","-0.918","0.051","-0.393","230.037","-183.526","274.054","-0.918","0.051","-0.393"
"45.73741","230.037","-183.526","274.054","-0.918","0.051","-0.393","230.037","-183.526","274.054","-0.918","0.051","-0.393"
"45.74125","230.037","-183.526","274.054","-0.918","0.051","-0.393","230.037","-183.526","274.054","-0.918","0.051","-0.393"
"45.74514","230.037","-183.526","274.054","-0.918","0.051","-0.393","230.037","-183.526","274.054","-0.918","0.051","-0.393"
"45.74923","230.037","-183.526","274.054","-0.918","0.051","-0.393","230.037","-183.526","274.054","-0.918","0.051","-0.393"
"45.75384","230.037","-183.526","274.054","-0.918","0.051","-0.393","230.037","-183.526","274.054","-0.918","0.051","-0.393"
"45.76162","230.037","-183.526","274.054","-0.918","0.051","-0.393","230.037","-183.526","274.054","-0.918","0.051","-0.393"
"45.7652","230.037","-183.526","274.054","-0.918","0.051","-0.393","230.037","-183.526","274.054","-0.918","0.051","-0.393"
"45.76912","230.037","-183.526","274.054","-0.918","0.051","-0.393","230.037","-183.526","274.054","-0.918","0.051","-0.393"
"45.77335","230.037","-183.526","274.054","-0.918","0.051","-0.393","230.037","-183.526","274.054","-0.918","0.051","-0.393"
"45.77725","230.037","-183.526","274.054","-0.918","0.051","-0.393","230.037","-183.526","274.054","-0.918","0.051","-0.393"
"45.78118","230.037","-183.526","274.054","-0.918","0.051","-0.393","230.037","-183.526","274.054","-0.918","0.051","-0.393"
"45.78518","230.037","-183.526","274.054","-0.918","0.051","-0.393","230.037","-183.526","274.054","-0.918","0.051","-0.393"
"45.78941","230.037","-183.526","274.054","-0.918","0.051","-0.393","230.037","-183.526","274.054","-0.918","0.051","-0.393"
"45.7944","230.037","-183.526","274.054","-0.918","0.051","-0.393","230.037","-183.526","274.054","-0.918","0.051","-0.393"
"45.80124","230.037","-183.526","274.054","-0.918","0.051","-0.393","230.037","-183.526","274.054","-0.918","0.051","-0.393"
"45.80519","230.037","-183.526","274.054","-0.918","0.051","-0.393","230.037","-183.526","274.054","-0.918","0.051","-0.393"
"45.8094","230.037","-183.526","274.054","-0.918","0.051","-0.393","230.037","-183.526","274.054","-0.918","0.051","-0.393"
"45.81322","230.037","-183.526","274.054","-0.918","0.051","-0.393","230.037","-183.526","274.054","-0.918","0.051","-0.393"
"45.81853","230.037","-183.526","274.054","-0.918","0.051","-0.393","230.037","-183.526","274.054","-0.918","0.051","-0.393"
"45.82579","230.037","-183.526","274.054","-0.918","0.051","-0.393","230.037","-183.526","274.054","-0.918","0.051","-0.393"
"45.83346","230.037","-183.526","274.054","-0.918","0.051","-0.393","230.037","-183.526","274.054","-0.918","0.051","-0.393"
"45.8383","230.037","-183.526","274.054","-0.918","0.051","-0.393","230.037","-183.526","274.054","-0.918","0.051","-0.393"
"45.84548","230.037","-183.526","274.054","-0.918","0.051","-0.393","230.037","-183.526","274.054","-0.918","0.051","-0.393"
"45.84927","230.037","-183.526","274.054","-0.918","0.051","-0.393","230.037","-183.526","274.054","-0.918","0.051","-0.393"
"45.85721","230.037","-183.526","274.054","-0.918","0.051","-0.393","230.037","-183.526","274.054","-0.918","0.051","-0.393"
"45.86189","230.037","-183.526","274.054","-0.918","0.051","-0.393","230.037","-183.526","274.054","-0.918","0.051","-0.393"
"45.86921","230.037","-183.526","274.054","-0.918","0.051","-0.393","230.037","-183.526","274.054","-0.918","0.051","-0.393"
"45.87352","230.037","-183.526","274.054","-0.918","0.051","-0.393","230.037","-183.526","274.054","-0.918","0.051","-0.393"
"45.87727","230.037","-183.526","274.054","-0.918","0.051","-0.393","230.037","-183.526","274.054","-0.918","0.051","-0.393"
"45.88119","230.037","-183.526","274.054","-0.918","0.051","-0.393","230.037","-183.526","274.054","-0.918","0.051","-0.393"
"45.88534","230.037","-183.526","274.054","-0.918","0.051","-0.393","230.037","-183.526","274.054","-0.918","0.051","-0.393"
"45.88926","230.037","-183.526","274.054","-0.918","0.051","-0.393","230.037","-183.526","274.054","-0.918","0.051","-0.393"
"45.89317","230.037","-183.526","274.054","-0.918","0.051","-0.393","230.037","-183.526","274.054","-0.918","0.051","-0.393"
"45.89729","230.037","-183.526","274.054","-0.918","0.051","-0.393","230.037","-183.526","274.054","-0.918","0.051","-0.393"
"45.90126","230.037","-183.526","274.054","-0.918","0.051","-0.393","230.037","-183.526","274.054","-0.918","0.051","-0.393"
"45.90543","230.037","-183.526","274.054","-0.918","0.051","-0.393","230.037","-183.526","274.054","-0.918","0.051","-0.393"
"45.90978","230.037","-183.526","274.054","-0.918","0.051","-0.393","230.037","-183.526","274.054","-0.918","0.051","-0.393"
"45.91328","230.037","-183.526","274.054","-0.918","0.051","-0.393","230.037","-183.526","274.054","-0.918","0.051","-0.393"
"45.91725","230.037","-183.526","274.054","-0.918","0.051","-0.393","230.037","-183.526","274.054","-0.918","0.051","-0.393"
"45.92123","230.037","-183.526","274.054","-0.918","0.051","-0.393","230.037","-183.526","274.054","-0.918","0.051","-0.393"
"45.92514","230.037","-183.526","274.054","-0.918","0.051","-0.393","230.037","-183.526","274.054","-0.918","0.051","-0.393"
"45.92925","230.037","-183.526","274.054","-0.918","0.051","-0.393","230.037","-183.526","274.054","-0.918","0.051","-0.393"
"45.93475","230.037","-183.526","274.054","-0.918","0.051","-0.393","230.037","-183.526","274.054","-0.918","0.051","-0.393"
"45.94136","230.037","-183.526","274.054","-0.918","0.051","-0.393","230.037","-183.526","274.054","-0.918","0.051","-0.393"
"45.94965","230.037","-183.526","274.054","-0.918","0.051","-0.393","230.037","-183.526","274.054","-0.918","0.051","-0.393"
"45.9576","230.037","-183.526","274.054","-0.918","0.051","-0.393","230.037","-183.526","274.054","-0.918","0.051","-0.393"
"45.9656","230.037","-183.526","274.054","-0.918","0.051","-0.393","230.037","-183.526","274.054","-0.918","0.051","-0.393"
"45.96917","230.037","-183.526","274.054","-0.918","0.051","-0.393","230.037","-183.526","274.054","-0.918","0.051","-0.393"
"45.97318","230.037","-183.526","274.054","-0.918","0.051","-0.393","230.037","-183.526","274.054","-0.918","0.051","-0.393"
"45.9773","230.037","-183.526","274.054","-0.918","0.051","-0.393","230.037","-183.526","274.054","-0.918","0.051","-0.393"
"45.98116","230.037","-183.526","274.054","-0.918","0.051","-0.393","230.037","-183.526","274.054","-0.918","0.051","-0.393"
"45.9852","230.037","-183.526","274.054","-0.918","0.051","-0.393","230.037","-183.526","274.054","-0.918","0.051","-0.393"
"45.98943","230.037","-183.526","274.054","-0.918","0.051","-0.393","230.037","-183.526","274.054","-0.918","0.051","-0.393"
"45.99355","230.037","-183.526","274.054","-0.918","0.051","-0.393","230.037","-183.526","274.054","-0.918","0.051","-0.393"
"45.99728","230.037","-183.526","274.054","-0.918","0.051","-0.393","230.037","-183.526","274.054","-0.918","0.051","-0.393"
"46.00117","230.037","-183.526","274.054","-0.918","0.051","-0.393","230.037","-183.526","274.054","-0.918","0.051","-0.393"
"46.00523","230.037","-183.526","274.054","-0.918","0.051","-0.393","230.037","-183.526","274.054","-0.918","0.051","-0.393"
"46.00931","230.037","-183.526","274.054","-0.918","0.051","-0.393","230.037","-183.526","274.054","-0.918","0.051","-0.393"
"46.01872","230.037","-183.526","274.054","-0.918","0.051","-0.393","230.037","-183.526","274.054","-0.918","0.051","-0.393"
"46.02561","230.037","-183.526","274.054","-0.918","0.051","-0.393","230.037","-183.526","274.054","-0.918","0.051","-0.393"
"46.02927","230.037","-183.526","274.054","-0.918","0.051","-0.393","230.037","-183.526","274.054","-0.918","0.051","-0.393"
"46.03857","230.037","-183.526","274.054","-0.918","0.051","-0.393","230.037","-183.526","274.054","-0.918","0.051","-0.393"
"46.04577","230.037","-183.526","274.054","-0.918","0.051","-0.393","230.037","-183.526","274.054","-0.918","0.051","-0.393"
"46.04907","230.037","-183.526","274.054","-0.918","0.051","-0.393","230.037","-183.526","274.054","-0.918","0.051","-0.393"
"46.05319","230.037","-183.526","274.054","-0.918","0.051","-0.393","230.037","-183.526","274.054","-0.918","0.051","-0.393"
"46.06218","230.037","-183.526","274.054","-0.918","0.051","-0.393","230.037","-183.526","274.054","-0.918","0.051","-0.393"
"46.0696","230.037","-183.526","274.054","-0.918","0.051","-0.393","230.037","-183.526","274.054","-0.918","0.051","-0.393"
"46.07355","230.037","-183.526","274.054","-0.918","0.051","-0.393","230.037","-183.526","274.054","-0.918","0.051","-0.393"
"46.07715","230.037","-183.526","274.054","-0.918","0.051","-0.393","230.037","-183.526","274.054","-0.918","0.051","-0.393"
"46.0813","230.037","-183.526","274.054","-0.918","0.051","-0.393","230.037","-183.526","274.054","-0.918","0.051","-0.393"
"46.08981","230.037","-183.526","274.054","-0.918","0.051","-0.393","230.037","-183.526","274.054","-0.918","0.051","-0.393"
"46.09362","230.037","-183.526","274.054","-0.918","0.051","-0.393","230.037","-183.526","274.054","-0.918","0.051","-0.393"
"46.10148","230.037","-183.526","274.054","-0.918","0.051","-0.393","230.037","-183.526","274.054","-0.918","0.051","-0.393"
"46.10527","230.037","-183.526","274.054","-0.918","0.051","-0.393","230.037","-183.526","274.054","-0.918","0.051","-0.393"
"46.10925","230.037","-183.526","274.054","-0.918","0.051","-0.393","230.037","-183.526","274.054","-0.918","0.051","-0.393"
"46.11457","230.037","-183.526","274.054","-0.918","0.051","-0.393","230.037","-183.526","274.054","-0.918","0.051","-0.393"
"46.12173","230.037","-183.526","274.054","-0.918","0.051","-0.393","230.037","-183.526","274.054","-0.918","0.051","-0.393"
"46.12523","230.037","-183.526","274.054","-0.918","0.051","-0.393","230.037","-183.526","274.054","-0.918","0.051","-0.393"
"46.12914","230.037","-183.526","274.054","-0.918","0.051","-0.393","230.037","-183.526","274.054","-0.918","0.051","-0.393"
"46.13371","230.037","-183.526","274.054","-0.918","0.051","-0.393","230.037","-183.526","274.054","-0.918","0.051","-0.393"
"46.14163","230.037","-183.526","274.054","-0.918","0.051","-0.393","230.037","-183.526","274.054","-0.918","0.051","-0.393"
"46.14518","230.037","-183.526","274.054","-0.918","0.051","-0.393","230.037","-183.526","274.054","-0.918","0.051","-0.393"
"46.14916","230.037","-183.526","274.054","-0.918","0.051","-0.393","230.037","-183.526","274.054","-0.918","0.051","-0.393"
"46.15331","230.037","-183.526","274.054","-0.918","0.051","-0.393","230.037","-183.526","274.054","-0.918","0.051","-0.393"
"46.15738","230.037","-183.526","274.054","-0.918","0.051","-0.393","230.037","-183.526","274.054","-0.918","0.051","-0.393"
"46.16136","230.037","-183.526","274.054","-0.918","0.051","-0.393","230.037","-183.526","274.054","-0.918","0.051","-0.393"
"46.16519","230.037","-183.526","274.054","-0.918","0.051","-0.393","230.037","-183.526","274.054","-0.918","0.051","-0.393"
"46.16926","230.037","-183.526","274.054","-0.918","0.051","-0.393","230.037","-183.526","274.054","-0.918","0.051","-0.393"
"46.17329","230.037","-183.526","274.054","-0.918","0.051","-0.393","230.037","-183.526","274.054","-0.918","0.051","-0.393"
"46.17708","230.037","-183.526","274.054","-0.918","0.051","-0.393","230.037","-183.526","274.054","-0.918","0.051","-0.393"
"46.18134","230.037","-183.526","274.054","-0.918","0.051","-0.393","230.037","-183.526","274.054","-0.918","0.051","-0.393"
"46.18938","230.037","-183.526","274.054","-0.918","0.051","-0.393","230.037","-183.526","274.054","-0.918","0.051","-0.393"
"46.19332","230.037","-183.526","274.054","-0.918","0.051","-0.393","230.037","-183.526","274.054","-0.918","0.051","-0.393"
"46.19713","230.037","-183.526","274.054","-0.918","0.051","-0.393","230.037","-183.526","274.054","-0.918","0.051","-0.393"
"46.20141","230.037","-183.526","274.054","-0.918","0.051","-0.393","230.037","-183.526","274.054","-0.918","0.051","-0.393"
"46.2052","230.037","-183.526","274.054","-0.918","0.051","-0.393","230.037","-183.526","274.054","-0.918","0.051","-0.393"
"46.20919","230.037","-183.526","274.054","-0.918","0.051","-0.393","230.037","-183.526","274.054","-0.918","0.051","-0.393"
"46.21342","230.037","-183.526","274.054","-0.918","0.051","-0.393","230.037","-183.526","274.054","-0.918","0.051","-0.393"
"46.22123","230.037","-183.526","274.054","-0.918","0.051","-0.393","230.037","-183.526","274.054","-0.918","0.051","-0.393"
"46.22675","230.037","-183.526","274.054","-0.918","0.051","-0.393","230.037","-183.526","274.054","-0.918","0.051","-0.393"
"46.2332","230.037","-183.526","274.054","-0.918","0.051","-0.393","230.037","-183.526","274.054","-0.918","0.051","-0.393"
"46.2374","230.037","-183.526","274.054","-0.918","0.051","-0.393","230.037","-183.526","274.054","-0.918","0.051","-0.393"
"46.24609","230.037","-183.526","274.054","-0.918","0.051","-0.393","230.037","-183.526","274.054","-0.918","0.051","-0.393"
"46.25322","230.037","-183.526","274.054","-0.918","0.051","-0.393","230.037","-183.526","274.054","-0.918","0.051","-0.393"
"46.25752","230.037","-183.526","274.054","-0.918","0.051","-0.393","230.037","-183.526","274.054","-0.918","0.051","-0.393"
"46.26125","230.037","-183.526","274.054","-0.918","0.051","-0.393","230.037","-183.526","274.054","-0.918","0.051","-0.393"
"46.26515","230.037","-183.526","274.054","-0.918","0.051","-0.393","230.037","-183.526","274.054","-0.918","0.051","-0.393"
"46.26935","230.037","-183.526","274.054","-0.918","0.051","-0.393","230.037","-183.526","274.054","-0.918","0.051","-0.393"
"46.27331","230.037","-183.526","274.054","-0.918","0.051","-0.393","230.037","-183.526","274.054","-0.918","0.051","-0.393"
"46.27725","230.037","-183.526","274.054","-0.918","0.051","-0.393","230.037","-183.526","274.054","-0.918","0.051","-0.393"
"46.28117","230.037","-183.526","274.054","-0.918","0.051","-0.393","230.037","-183.526","274.054","-0.918","0.051","-0.393"
"46.28531","230.037","-183.526","274.054","-0.918","0.051","-0.393","230.037","-183.526","274.054","-0.918","0.051","-0.393"
"46.28928","230.037","-183.526","274.054","-0.918","0.051","-0.393","230.037","-183.526","274.054","-0.918","0.051","-0.393"
"46.29406","230.037","-183.526","274.054","-0.918","0.051","-0.393","230.037","-183.526","274.054","-0.918","0.051","-0.393"
"46.2972","230.037","-183.526","274.054","-0.918","0.051","-0.393","230.037","-183.526","274.054","-0.918","0.051","-0.393"
"46.30117","230.037","-183.526","274.054","-0.918","0.051","-0.393","230.037","-183.526","274.054","-0.918","0.051","-0.393"
"46.30523","230.037","-183.526","274.054","-0.918","0.051","-0.393","230.037","-183.526","274.054","-0.918","0.051","-0.393"
"46.30924","230.037","-183.526","274.054","-0.918","0.051","-0.393","230.037","-183.526","274.054","-0.918","0.051","-0.393"
"46.31328","230.037","-183.526","274.054","-0.918","0.051","-0.393","230.037","-183.526","274.054","-0.918","0.051","-0.393"
"46.31879","230.037","-183.526","274.054","-0.918","0.051","-0.393","230.037","-183.526","274.054","-0.918","0.051","-0.393"
"46.32546","230.037","-183.526","274.054","-0.918","0.051","-0.393","230.037","-183.526","274.054","-0.918","0.051","-0.393"
"46.32915","230.037","-183.526","274.054","-0.918","0.051","-0.393","230.037","-183.526","274.054","-0.918","0.051","-0.393"
"46.33314","230.037","-183.526","274.054","-0.918","0.051","-0.393","230.037","-183.526","274.054","-0.918","0.051","-0.393"
"46.33721","230.037","-183.526","274.054","-0.918","0.051","-0.393","230.037","-183.526","274.054","-0.918","0.051","-0.393"
"46.34157","230.037","-183.526","274.054","-0.918","0.051","-0.393","230.037","-183.526","274.054","-0.918","0.051","-0.393"
"46.34522","230.037","-183.526","274.054","-0.918","0.051","-0.393","230.037","-183.526","274.054","-0.918","0.051","-0.393"
"46.34926","230.037","-183.526","274.054","-0.918","0.051","-0.393","230.037","-183.526","274.054","-0.918","0.051","-0.393"
"46.35325","230.037","-183.526","274.054","-0.918","0.051","-0.393","230.037","-183.526","274.054","-0.918","0.051","-0.393"
"46.35728","230.037","-183.526","274.054","-0.918","0.051","-0.393","230.037","-183.526","274.054","-0.918","0.051","-0.393"
"46.36134","230.037","-183.526","274.054","-0.918","0.051","-0.393","230.037","-183.526","274.054","-0.918","0.051","-0.393"
"46.36552","230.037","-183.526","274.054","-0.918","0.051","-0.393","230.037","-183.526","274.054","-0.918","0.051","-0.393"
"46.36951","230.037","-183.526","274.054","-0.918","0.051","-0.393","230.037","-183.526","274.054","-0.918","0.051","-0.393"
"46.37317","230.037","-183.526","274.054","-0.918","0.051","-0.393","230.037","-183.526","274.054","-0.918","0.051","-0.393"
"46.37751","230.037","-183.526","274.054","-0.918","0.051","-0.393","230.037","-183.526","274.054","-0.918","0.051","-0.393"
"46.38525","230.037","-183.526","274.054","-0.918","0.051","-0.393","230.037","-183.526","274.054","-0.918","0.051","-0.393"
"46.39363","230.037","-183.526","274.054","-0.918","0.051","-0.393","230.037","-183.526","274.054","-0.918","0.051","-0.393"
"46.40131","230.037","-183.526","274.054","-0.918","0.051","-0.393","230.037","-183.526","274.054","-0.918","0.051","-0.393"
"46.40952","230.037","-183.526","274.054","-0.918","0.051","-0.393","230.037","-183.526","274.054","-0.918","0.051","-0.393"
"46.41327","230.037","-183.526","274.054","-0.918","0.051","-0.393","230.037","-183.526","274.054","-0.918","0.051","-0.393"
"46.41827","230.037","-183.526","274.054","-0.918","0.051","-0.393","230.037","-183.526","274.054","-0.918","0.051","-0.393"
"46.426","230.037","-183.526","274.054","-0.918","0.051","-0.393","230.037","-183.526","274.054","-0.918","0.051","-0.393"
"46.43374","230.037","-183.526","274.054","-0.918","0.051","-0.393","230.037","-183.526","274.054","-0.918","0.051","-0.393"
"46.43796","230.037","-183.526","274.054","-0.918","0.051","-0.393","230.037","-183.526","274.054","-0.918","0.051","-0.393"
"46.44555","230.037","-183.526","274.054","-0.918","0.051","-0.393","230.037","-183.526","274.054","-0.918","0.051","-0.393"
"46.44918","230.037","-183.526","274.054","-0.918","0.051","-0.393","230.037","-183.526","274.054","-0.918","0.051","-0.393"
"46.45331","230.037","-183.526","274.054","-0.918","0.051","-0.393","230.037","-183.526","274.054","-0.918","0.051","-0.393"
"46.45736","230.037","-183.526","274.054","-0.918","0.051","-0.393","230.037","-183.526","274.054","-0.918","0.051","-0.393"
"46.46129","230.037","-183.526","274.054","-0.918","0.051","-0.393","230.037","-183.526","274.054","-0.918","0.051","-0.393"
"46.46522","230.037","-183.526","274.054","-0.918","0.051","-0.393","230.037","-183.526","274.054","-0.918","0.051","-0.393"
"46.46921","230.037","-183.526","274.054","-0.918","0.051","-0.393","230.037","-183.526","274.054","-0.918","0.051","-0.393"
"46.47312","230.037","-183.526","274.054","-0.918","0.051","-0.393","230.037","-183.526","274.054","-0.918","0.051","-0.393"
"46.47753","230.037","-183.526","274.054","-0.918","0.051","-0.393","230.037","-183.526","274.054","-0.918","0.051","-0.393"
"46.48126","230.037","-183.526","274.054","-0.918","0.051","-0.393","230.037","-183.526","274.054","-0.918","0.051","-0.393"
"46.48516","230.037","-183.526","274.054","-0.918","0.051","-0.393","230.037","-183.526","274.054","-0.918","0.051","-0.393"
"46.48917","230.037","-183.526","274.054","-0.918","0.051","-0.393","230.037","-183.526","274.054","-0.918","0.051","-0.393"
"46.49332","230.037","-183.526","274.054","-0.918","0.051","-0.393","230.037","-183.526","274.054","-0.918","0.051","-0.393"
"46.49722","230.037","-183.526","274.054","-0.918","0.051","-0.393","230.037","-183.526","274.054","-0.918","0.051","-0.393"
"46.50137","230.037","-183.526","274.054","-0.918","0.051","-0.393","230.037","-183.526","274.054","-0.918","0.051","-0.393"
"46.50513","230.037","-183.526","274.054","-0.918","0.051","-0.393","230.037","-183.526","274.054","-0.918","0.051","-0.393"
"46.50931","230.037","-183.526","274.054","-0.918","0.051","-0.393","230.037","-183.526","274.054","-0.918","0.051","-0.393"
"46.51342","230.037","-183.526","274.054","-0.918","0.051","-0.393","230.037","-183.526","274.054","-0.918","0.051","-0.393"
"46.51751","230.037","-183.526","274.054","-0.918","0.051","-0.393","230.037","-183.526","274.054","-0.918","0.051","-0.393"
"46.52113","230.037","-183.526","274.054","-0.918","0.051","-0.393","230.037","-183.526","274.054","-0.918","0.051","-0.393"
"46.53158","230.037","-183.526","274.054","-0.918","0.051","-0.393","230.037","-183.526","274.054","-0.918","0.051","-0.393"
"46.5372","230.037","-183.526","274.054","-0.918","0.051","-0.393","230.037","-183.526","274.054","-0.918","0.051","-0.393"
